id,course_id,position,title,kind,body,video_url,file_url,created_at
8348be50-f770-4623-9fd4-35882335846b,c319aeb6-c2da-4660-b5cd-35a9257ebab9,1,ทฤษฎีการเกิดไฟและประเภทของไฟ,text,"สามเหลี่ยมไฟ: เชื้อเพลิง + ความร้อน + ออกซิเจน หากตัดองค์ประกอบใดออก ไฟจะดับ

ประเภทของไฟ
• ประเภท A: ของแข็งติดไฟได้ เช่น ไม้ กระดาษ ผ้า
• ประเภท B: ของเหลวและก๊าซไวไฟ เช่น น้ำมัน แอลกอฮอล์
• ประเภท C: อุปกรณ์ไฟฟ้าที่มีกระแสไฟ
• ประเภท D: โลหะติดไฟ
• ประเภท K: น้ำมันประกอบอาหาร",,,2026-10-03 11:31:52.567386+00
6ffa92d3-8fea-40b0-a4ea-b6218e233da2,c319aeb6-c2da-4660-b5cd-35a9257ebab9,2,วิธีใช้ถังดับเพลิง (PASS),video,"P – Pull ดึงสลักออก
A – Aim เล็งหัวฉีดไปที่ฐานของไฟ
S – Squeeze บีบคันบังคับ
S – Sweep ส่ายหัวฉีดซ้าย-ขวา
ยืนเหนือลม ห่างจากไฟประมาณ 2-3 เมตร",https://www.youtube.com/watch?v=PQV71INDaqY,,2026-10-03 11:31:52.567386+00
b6b78d05-e88f-427e-9b91-ebf7f88e7402,c319aeb6-c2da-4660-b5cd-35a9257ebab9,3,แนวปฏิบัติเมื่อเกิดเพลิงไหม้ในโรงพยาบาล (RACE),text,"R – Rescue ช่วยเหลือผู้ป่วยออกจากพื้นที่อันตราย
A – Alarm แจ้งเหตุ กดสัญญาณเตือนภัย
C – Confine ปิดประตูจำกัดพื้นที่เพลิง
E – Extinguish/Evacuate ดับเพลิงขั้นต้น หรืออพยพตามแผน
ห้ามใช้ลิฟต์ระหว่างเกิดเพลิงไหม้",,,2026-10-03 11:31:52.567386+00
a2ba89f6-e38e-402d-aab3-edc860a4b017,e7b233f4-b927-4859-bc6e-e50ce9d81e5c,1,ฉลากสารเคมีและเอกสาร SDS,text,"ก่อนใช้สารเคมีทุกครั้งต้องอ่านฉลากและเอกสารข้อมูลความปลอดภัย (SDS)

• สัญลักษณ์ GHS บอกอันตราย เช่น ไวไฟ กัดกร่อน เป็นพิษ ระคายเคือง
• SDS มี 16 หัวข้อ เช่น อันตราย การปฐมพยาบาล การจัดเก็บ การกำจัด
• ภาชนะที่แบ่งบรรจุต้องติดฉลากชื่อสาร ความเข้มข้น วันที่ และผู้รับผิดชอบเสมอ",,,2026-10-03 15:27:06.268929+00
7abaf275-69fb-4780-b235-07e0352b086f,e7b233f4-b927-4859-bc6e-e50ce9d81e5c,2,การใช้สารเคมีอย่างปลอดภัย,text,"• สวมอุปกรณ์ป้องกัน (PPE) ตามที่ SDS กำหนด: ถุงมือ แว่นตา หน้ากาก เสื้อกาวน์
• ใช้ในที่อากาศถ่ายเทหรือในตู้ดูดควัน
• ห้ามผสมสารเคมีเอง เช่น น้ำยาฟอกขาว (คลอรีน) กับแอมโมเนียหรือกรด จะเกิดก๊าซพิษ
• เจือจางกรด: เทกรดลงน้ำ ห้ามเทน้ำลงกรด
• ห้ามรับประทานอาหารหรือดื่มน้ำในพื้นที่ใช้สารเคมี",,,2026-10-03 15:27:06.268929+00
4a4d5f91-2c2f-4407-950e-5c19dbda46cb,e7b233f4-b927-4859-bc6e-e50ce9d81e5c,3,การจัดเก็บสารเคมีและสารที่เข้ากันไม่ได้,text,"• แยกเก็บตามประเภทอันตราย: ไวไฟ / กรด / ด่าง / ออกซิไดซ์ / เป็นพิษ
• สารไวไฟเก็บในตู้นิรภัย ห่างจากความร้อนและประกายไฟ
• กรดแยกจากด่าง สารออกซิไดซ์แยกจากสารไวไฟ
• วางสารเคมีของเหลวไว้ชั้นล่าง ไม่สูงกว่าระดับสายตา มีถาดรองกันหก
• ใช้หลักเข้าก่อนออกก่อน (FIFO) และตรวจวันหมดอายุทุกเดือน",,,2026-10-03 15:27:06.268929+00
25affe94-a265-47bf-b8cb-29a8c9846f34,e7b233f4-b927-4859-bc6e-e50ce9d81e5c,4,การจัดการเมื่อสารเคมีหกรั่วไหลและการปฐมพยาบาล,text,"เมื่อสารเคมีหก:
1. แจ้งเตือนคนรอบข้าง กั้นพื้นที่
2. สวม PPE ให้เหมาะสม
3. ใช้ชุดจัดการสารเคมีหก (Spill kit) ซับจากขอบเข้าหาตรงกลาง
4. ทิ้งวัสดุปนเปื้อนเป็นขยะอันตราย และรายงานหัวหน้า

ปฐมพยาบาล: สัมผัสผิวหนังหรือเข้าตา ให้ล้างด้วยน้ำสะอาดไหลผ่านอย่างน้อย 15 นาที แล้วพบแพทย์ พร้อมนำ SDS ไปด้วย",,,2026-10-03 15:27:06.268929+00
