id,full_name,email,division,department,position,approved,created_at
fcc1797f-16ac-4f26-9770-b0497ef19b2d,ภานุวัฒน์ เรืองมูล,naturelife19@gmail.com,,,,True,2026-10-03 12:09:10.734606+00
4fe6b7e8-7a79-4d5f-9edc-f79b0ba21717,สมชาย ใจดี,demo.staff11@overbrook.example.com,ฝ่ายการเงิน,การเงิน,เจ้าหน้าที่,True,2026-10-03 15:19:21.723106+00
c62bdda9-4037-47ae-9537-d691d82cb3f7,ประเสริฐ สุขสวัสดิ์,demo.staff12@overbrook.example.com,ฝ่ายการเงิน,การเงิน,เจ้าหน้าที่,True,2026-10-03 15:19:22.732796+00
6c83271d-18b8-41c4-92aa-74606a46cd25,กมลรัตน์ แก้วใส,demo.staff13@overbrook.example.com,ฝ่ายการเงิน,การเงิน,เจ้าหน้าที่,True,2026-10-03 15:19:23.363496+00
75945ba6-66ef-49bc-820c-26bca8efbd2a,ธนพล ชนะชัย,demo.nurse21@overbrook.example.com,ฝ่ายการพยาบาล,ICU,เจ้าหน้าที่,True,2026-10-03 15:19:24.030271+00
faeff63e-5829-491b-b547-489e084cb5a1,วรากร ศรีสุข,demo.nurse22@overbrook.example.com,ฝ่ายการพยาบาล,บริการเคลื่อนย้ายผู้ป่วย,เจ้าหน้าที่,True,2026-10-03 15:19:24.653672+00
352c0f88-fdc3-41eb-ac1c-1956379a5d98,จันทร์เพ็ญ วงศ์ใหญ่,demo.nurse23@overbrook.example.com,ฝ่ายการพยาบาล,ผู้ป่วยนอก OPD B,เจ้าหน้าที่,True,2026-10-03 15:19:25.055089+00
a24e9bee-f828-421c-8ce6-813cb3eedbec,ปิยะ อินทร์แปลน,demo.nurse24@overbrook.example.com,ฝ่ายการพยาบาล,ผู้ป่วยนอก OPD K,เจ้าหน้าที่,True,2026-10-03 15:19:25.737201+00
1cc19fff-d016-404e-b6c1-c024180ea5b9,ณัฐวุฒิ เพ็ชรดี,demo.staff31@overbrook.example.com,ฝ่ายเทคโนโลยีสารสนเทศ,วิศวกรรมคอมพิวเตอร์,เจ้าหน้าที่,True,2026-10-03 15:19:26.145961+00
b4064024-54a3-4bde-9266-a29640ed3bf2,สุภาพร มั่งมี,demo.staff32@overbrook.example.com,ฝ่ายเทคโนโลยีสารสนเทศ,เวชสถิติ,เจ้าหน้าที่,True,2026-10-03 15:19:26.530246+00
66b0415a-3454-45ef-a45c-66b14aea13fc,ธีรภัทร เจริญผล,demo.staff33@overbrook.example.com,ฝ่ายเทคโนโลยีสารสนเทศ,สารสนเทศองค์กร,เจ้าหน้าที่,True,2026-10-03 15:19:26.927615+00
d3c0cd83-6edb-44d4-8cb4-91c1a4bc6848,วันดี เรืองมูล,demo.staff34@overbrook.example.com,ฝ่ายเทคโนโลยีสารสนเทศ,หน่วยเทคนิคเครื่องมือแพทย์,เจ้าหน้าที่,True,2026-10-03 15:19:27.30235+00
1e6b68ba-12b4-478f-9595-d2cb03bf0eaa,นฤมล พูนสุข,demo.staff35@overbrook.example.com,ฝ่ายเทคโนโลยีสารสนเทศ,วิศวกรรมคอมพิวเตอร์,เจ้าหน้าที่,True,2026-10-03 15:19:27.704365+00
e189298d-aa4e-4994-86ba-7330df7b284e,บุญญา ใจดี,demo.staff41@overbrook.example.com,ฝ่ายบัญชี,บัญชี,เจ้าหน้าที่,True,2026-10-03 15:19:28.099518+00
784844b8-93c0-4470-8bcb-0c1fd2389e28,อรุณี สุขสวัสดิ์,demo.staff42@overbrook.example.com,ฝ่ายบัญชี,บัญชี,เจ้าหน้าที่,True,2026-10-03 15:19:28.492086+00
bdaa871f-2575-4d8c-8fd9-659eb55afaf3,เจริญ แก้วใส,demo.staff43@overbrook.example.com,ฝ่ายบัญชี,บัญชี,เจ้าหน้าที่,True,2026-10-03 15:19:28.983076+00
2e87f994-9d4f-4acf-b323-d4c6154d373a,สายฟ้า ชนะชัย,demo.staff51@overbrook.example.com,ฝ่ายพัฒนาคุณภาพ,พัฒนาคุณภาพ,เจ้าหน้าที่,True,2026-10-03 15:19:29.375108+00
a85cc42c-0ffb-4a47-9aad-0ffa4923d6f4,จิราภรณ์ ศรีสุข,demo.staff52@overbrook.example.com,ฝ่ายพัฒนาคุณภาพ,พัฒนาคุณภาพ,เจ้าหน้าที่,True,2026-10-03 15:19:29.758692+00
5ae37b89-32bc-446b-903e-599b51203658,เอกชัย วงศ์ใหญ่,demo.staff53@overbrook.example.com,ฝ่ายพัฒนาคุณภาพ,พัฒนาคุณภาพ,เจ้าหน้าที่,True,2026-10-03 15:19:30.147482+00
3a042057-61b5-40ab-87ba-678321f11512,รุ่งนภา อินทร์แปลน,demo.staff54@overbrook.example.com,ฝ่ายพัฒนาคุณภาพ,พัฒนาคุณภาพ,เจ้าหน้าที่,True,2026-10-03 15:19:30.537717+00
ee9022d6-c340-4a36-83e0-ef7a153d0076,ลัดดา เพ็ชรดี,demo.staff61@overbrook.example.com,ฝ่ายลูกค้าสัมพันธ์,ประสานการแพทย์,เจ้าหน้าที่,True,2026-10-03 15:19:30.921673+00
14e0dac2-6104-4767-aa03-df7c2447dc5b,อดิศร มั่งมี,demo.staff62@overbrook.example.com,ฝ่ายลูกค้าสัมพันธ์,สื่อสารการตลาด,เจ้าหน้าที่,True,2026-10-03 15:19:31.326989+00
0cbcdb96-096c-445b-8d7a-32652705e94a,สมหญิง เจริญผล,demo.staff63@overbrook.example.com,ฝ่ายลูกค้าสัมพันธ์,หน่วยสื่อสาร,เจ้าหน้าที่,True,2026-10-03 15:19:31.720813+00
457bc8a3-d22b-487e-b26c-0cd60d45a398,มาลี เรืองมูล,demo.staff64@overbrook.example.com,ฝ่ายลูกค้าสัมพันธ์,ประสานการแพทย์,เจ้าหน้าที่,True,2026-10-03 15:19:32.112342+00
c36e8c3a-c9c0-452a-95fb-cf88cc2e1bf5,ธนพล พูนสุข,demo.staff65@overbrook.example.com,ฝ่ายลูกค้าสัมพันธ์,สื่อสารการตลาด,เจ้าหน้าที่,True,2026-10-03 15:19:32.497749+00
c1a30a4e-84b0-48d8-9eab-08c40997659c,วิไล ใจดี,demo.staff71@overbrook.example.com,ฝ่ายวิศวกรรมและสิ่งแวดล้อม,เคหะรักษ์,เจ้าหน้าที่,True,2026-10-03 15:19:32.891597+00
0e2041f0-7ecc-48a5-9a53-c5cdeaaee6ab,อนุชา สุขสวัสดิ์,demo.staff72@overbrook.example.com,ฝ่ายวิศวกรรมและสิ่งแวดล้อม,ช่างเทคนิคควบคุมระบบ,เจ้าหน้าที่,True,2026-10-03 15:19:33.54441+00
b7cd6989-c07b-4481-840a-34a1f5f93f27,นภัสสร แก้วใส,demo.staff73@overbrook.example.com,ฝ่ายวิศวกรรมและสิ่งแวดล้อม,ซักรีด,เจ้าหน้าที่,True,2026-10-03 15:19:33.91848+00
fc8c6375-31f2-4c08-9610-af6878dff294,ศิริพร ชนะชัย,demo.staff81@overbrook.example.com,ฝ่ายศาสนกิจ,ศาสนกิจ,เจ้าหน้าที่,True,2026-10-03 15:19:34.310012+00
9115e5e2-7599-4398-a7e9-b3b4eafe3c4c,อภิชาติ ศรีสุข,demo.staff82@overbrook.example.com,ฝ่ายศาสนกิจ,ศาสนกิจ,เจ้าหน้าที่,True,2026-10-03 15:19:34.903921+00
c027c60b-6e6e-49b0-8b7e-d255cf18b57b,รัตนา วงศ์ใหญ่,demo.staff83@overbrook.example.com,ฝ่ายศาสนกิจ,ศาสนกิจ,เจ้าหน้าที่,True,2026-10-03 15:19:35.297163+00
324e4668-d602-4267-8300-643983ccedcf,ชาญชัย อินทร์แปลน,demo.staff84@overbrook.example.com,ฝ่ายศาสนกิจ,ศาสนกิจ,เจ้าหน้าที่,True,2026-10-03 15:19:35.706506+00
5c6cd526-0f4c-4714-af30-fd7408ce7f03,ปิยะ เพ็ชรดี,demo.staff91@overbrook.example.com,ฝ่ายสนับสนุนการแพทย์,กายภาพบำบัด,เจ้าหน้าที่,True,2026-10-03 15:19:36.115264+00
2432fede-f97b-4878-b58a-d974d2be6e86,ดวงใจ มั่งมี,demo.staff92@overbrook.example.com,ฝ่ายสนับสนุนการแพทย์,เภสัชกรรม,เจ้าหน้าที่,True,2026-10-03 15:19:36.49936+00
016a239e-90a0-4923-a429-092499f0327a,เกษม เจริญผล,demo.staff93@overbrook.example.com,ฝ่ายสนับสนุนการแพทย์,โภชนาการ,เจ้าหน้าที่,True,2026-10-03 15:19:36.917562+00
d9138b8c-c39b-4495-8130-8667c3af521a,พงศ์ศักดิ์ เรืองมูล,demo.staff94@overbrook.example.com,ฝ่ายสนับสนุนการแพทย์,รังสีร่วมรักษา,เจ้าหน้าที่,True,2026-10-03 15:19:37.30389+00
a44bd2f4-d0c3-4664-a63c-256b2b7495c4,สายฟ้า พูนสุข,demo.staff95@overbrook.example.com,ฝ่ายสนับสนุนการแพทย์,รังสีวิทยา,เจ้าหน้าที่,True,2026-10-03 15:19:37.705839+00
407ab135-2134-4ac2-9304-f250d95839f6,วันดี ใจดี,demo.staff101@overbrook.example.com,ฝ่ายสำนักงาน,ทรัพยากรบุคคล,เจ้าหน้าที่,True,2026-10-03 15:19:38.112811+00
4f82585c-9bc9-4a78-917f-653671a24089,นฤมล สุขสวัสดิ์,demo.staff102@overbrook.example.com,ฝ่ายสำนักงาน,พัสดุ-จัดซื้อ,เจ้าหน้าที่,True,2026-10-03 15:19:38.498334+00
86261f1e-17d2-4765-b2c0-c25b47eb8c21,มนัสวี แก้วใส,demo.staff103@overbrook.example.com,ฝ่ายสำนักงาน,สำนักเลขา,เจ้าหน้าที่,True,2026-10-03 15:19:38.89448+00
