id,course_id,position,question,options,correct_index
bd0b2a9a-1d9b-4f32-8eb4-ff8bc6eef53a,c319aeb6-c2da-4660-b5cd-35a9257ebab9,4,ควรฉีดถังดับเพลิงไปที่ตำแหน่งใด,"[""ยอดเปลวไฟ"", ""ฐานของไฟ"", ""ควันไฟ"", ""ผนังรอบๆ""]",1
f826cca7-a895-4877-893a-d56458309080,c319aeb6-c2da-4660-b5cd-35a9257ebab9,2,ไฟที่เกิดจากน้ำมันหรือแอลกอฮอล์เป็นไฟประเภทใด,"[""A"", ""B"", ""C"", ""D""]",1
c09dbafb-7d43-44ce-a12b-b935693b5443,c319aeb6-c2da-4660-b5cd-35a9257ebab9,3,ขั้นตอนแรกของการใช้ถังดับเพลิงตามหลัก PASS คือ,"[""บีบคันบังคับ"", ""เล็งที่ฐานไฟ"", ""ดึงสลักออก"", ""ส่ายหัวฉีด""]",2
45f36523-708b-465b-8fd9-637b49d162d4,c319aeb6-c2da-4660-b5cd-35a9257ebab9,1,องค์ประกอบของสามเหลี่ยมไฟคือข้อใด,"[""น้ำ ลม ไฟ"", ""เชื้อเพลิง ความร้อน ออกซิเจน"", ""ไฟฟ้า ก๊าซ น้ำมัน"", ""ควัน ความร้อน แสง""]",1
155940a8-c039-4819-ac55-ae3dfd51a1fd,c319aeb6-c2da-4660-b5cd-35a9257ebab9,5,ตามหลัก RACE สิ่งแรกที่ต้องทำเมื่อพบเพลิงไหม้คือ,"[""ดับไฟทันที"", ""ช่วยเหลือผู้ป่วยออกจากพื้นที่อันตราย"", ""ใช้ลิฟต์อพยพ"", ""โทรหาญาติผู้ป่วย""]",1
94b97533-e15e-413d-b0d3-21d500a6bf69,e7b233f4-b927-4859-bc6e-e50ce9d81e5c,1,เอกสารใดให้ข้อมูลอันตรายและวิธีจัดการสารเคมีครบถ้วนที่สุด,"[""ใบเสร็จการสั่งซื้อ"", ""SDS (Safety Data Sheet)"", ""คู่มือการใช้เครื่องมือ"", ""ใบเบิกพัสดุ""]",1
0c865ad8-65f6-493e-9150-d617fa7d01d8,e7b233f4-b927-4859-bc6e-e50ce9d81e5c,2,การเจือจางกรดที่ถูกต้องคือข้อใด,"[""เทน้ำลงในกรด"", ""เทกรดลงในน้ำช้าๆ"", ""เทพร้อมกันในภาชนะ"", ""ต้มน้ำก่อนแล้วเทกรด""]",1
2794d12e-8a03-4b15-aef1-29c866866138,e7b233f4-b927-4859-bc6e-e50ce9d81e5c,3,สารใดห้ามผสมกับน้ำยาฟอกขาว (คลอรีน) เพราะทำให้เกิดก๊าซพิษ,"[""น้ำสะอาด"", ""แอมโมเนีย"", ""สบู่ก้อน"", ""น้ำเกลือ""]",1
db6cd42b-1db4-4de5-bcdc-33d18481a8a2,e7b233f4-b927-4859-bc6e-e50ce9d81e5c,4,การจัดเก็บสารเคมีข้อใดถูกต้อง,"[""เก็บกรดและด่างไว้ด้วยกัน"", ""วางของเหลวไว้ชั้นบนสุด"", ""แยกสารออกซิไดซ์ออกจากสารไวไฟ"", ""เก็บสารไวไฟใกล้เครื่องทำความร้อน""]",2
8a69e3bb-0697-495d-8923-0eff81cd346d,e7b233f4-b927-4859-bc6e-e50ce9d81e5c,5,สารเคมีกระเด็นเข้าตา ควรล้างด้วยน้ำสะอาดอย่างน้อยกี่นาที,"[""1 นาที"", ""5 นาที"", ""15 นาที"", ""ไม่ต้องล้าง ให้รีบพบแพทย์""]",2
