id,user_id,role
c38decc1-4889-4afb-94aa-4f08ddd32bed,fcc1797f-16ac-4f26-9770-b0497ef19b2d,learner
2727bccd-1535-49b4-80bc-2e85052548d5,fcc1797f-16ac-4f26-9770-b0497ef19b2d,admin
74389214-5518-4a2d-a545-fa9783cd3ed6,4fe6b7e8-7a79-4d5f-9edc-f79b0ba21717,learner
22d5c3df-e845-4383-aba1-b89150da4a7a,c62bdda9-4037-47ae-9537-d691d82cb3f7,learner
76675300-a78b-458a-8eab-b056034aacfb,75945ba6-66ef-49bc-820c-26bca8efbd2a,learner
655db161-3367-475f-8f4a-2e596fb3dc8e,faeff63e-5829-491b-b547-489e084cb5a1,learner
cf4c3ade-584a-4660-96bd-2bcebb60e50d,352c0f88-fdc3-41eb-ac1c-1956379a5d98,learner
40d701c9-8d46-4d02-9e4b-9d09c2b7c76e,a24e9bee-f828-421c-8ce6-813cb3eedbec,learner
181f6aa1-edb8-413b-b366-68ac393acee1,1cc19fff-d016-404e-b6c1-c024180ea5b9,learner
bf9bd6a7-4a76-4fe8-9325-170410d5357e,b4064024-54a3-4bde-9266-a29640ed3bf2,learner
1ff435fc-8f04-4edc-9962-0a59b20fe04e,66b0415a-3454-45ef-a45c-66b14aea13fc,learner
ba66e9c9-d33b-4927-aa58-1ee1ae8f2dcf,d3c0cd83-6edb-44d4-8cb4-91c1a4bc6848,learner
ece9da1e-73af-487b-9446-30ac776c594c,1e6b68ba-12b4-478f-9595-d2cb03bf0eaa,learner
89dd0219-ebe1-4f07-82b6-3384e701677f,e189298d-aa4e-4994-86ba-7330df7b284e,learner
f1531daa-4946-4d75-ac62-0f7efca03e5f,784844b8-93c0-4470-8bcb-0c1fd2389e28,learner
7345a3fe-c0db-4876-8c8e-cb4f19024cfb,bdaa871f-2575-4d8c-8fd9-659eb55afaf3,learner
1ce69fbf-be4c-4523-8634-4e93ea944fcc,2e87f994-9d4f-4acf-b323-d4c6154d373a,learner
2750e643-3898-4b5e-9f75-688e1f30a45f,a85cc42c-0ffb-4a47-9aad-0ffa4923d6f4,learner
6a1c6a40-1ca6-4fbe-90b2-243b782df349,5ae37b89-32bc-446b-903e-599b51203658,learner
b922c5b8-cef5-4bea-87fe-40370d895484,3a042057-61b5-40ab-87ba-678321f11512,learner
3be55498-cc2e-4e85-ad7b-25a24a2571b2,ee9022d6-c340-4a36-83e0-ef7a153d0076,learner
31108e4c-6749-43f7-a7d2-427fed4b2b0f,14e0dac2-6104-4767-aa03-df7c2447dc5b,learner
59519ded-ef91-404e-b63a-ecf2cb319813,0cbcdb96-096c-445b-8d7a-32652705e94a,learner
3e7c6e7a-823a-4a21-8f9c-dd34140e2679,457bc8a3-d22b-487e-b26c-0cd60d45a398,learner
e4be55cf-6f14-49dc-90b3-059d649babd2,c36e8c3a-c9c0-452a-95fb-cf88cc2e1bf5,learner
3bdc3feb-3849-41e8-ab8f-2feda4af8363,c1a30a4e-84b0-48d8-9eab-08c40997659c,learner
27ed6ddb-b962-457f-af11-efce1f9ad8f3,0e2041f0-7ecc-48a5-9a53-c5cdeaaee6ab,learner
52b9491a-1182-436e-9502-c3caa2ffef19,b7cd6989-c07b-4481-840a-34a1f5f93f27,learner
a050e76e-6fba-4b2e-8b82-f743953f8cdc,fc8c6375-31f2-4c08-9610-af6878dff294,learner
8f85685c-ed6c-428b-8250-e9eab75eb3e3,9115e5e2-7599-4398-a7e9-b3b4eafe3c4c,learner
cddf4784-d146-43f7-92ea-1443afee92c3,c027c60b-6e6e-49b0-8b7e-d255cf18b57b,learner
d1b9a418-f4bb-432a-b313-ea44dd064576,324e4668-d602-4267-8300-643983ccedcf,learner
ac0c48ab-bdad-4796-9867-0c0a2ae46424,5c6cd526-0f4c-4714-af30-fd7408ce7f03,learner
16f3496b-206b-4bc0-8a04-36e010d41c66,2432fede-f97b-4878-b58a-d974d2be6e86,learner
713f0297-809a-4b08-81ef-7391d5ffa553,016a239e-90a0-4923-a429-092499f0327a,learner
f9831e11-04ea-498a-9fba-6820eb08a4f4,d9138b8c-c39b-4495-8130-8667c3af521a,learner
9d432ad5-ff14-40fb-9cde-486b882f0e7b,a44bd2f4-d0c3-4664-a63c-256b2b7495c4,learner
d0db2edb-3ac5-4bed-bf0f-18bca817226b,407ab135-2134-4ac2-9304-f250d95839f6,learner
e49183ae-db53-4db5-9ff2-0cdc9fe906ea,4f82585c-9bc9-4a78-917f-653671a24089,learner
3309861e-6f27-4a35-9860-6853bf1ccb6b,86261f1e-17d2-4765-b2c0-c25b47eb8c21,learner
1ef6a4b4-4da7-45e7-b30c-0ea3be573b7c,6c83271d-18b8-41c4-92aa-74606a46cd25,learner
